hotelid,outbounddeparturedatetime,inbounddeparturedatetime,countadults,countchildren,price,inbounddepartureairport,outboundarrivalairport,inboundarrivaldatetime,outbounddepartureairport,inboundarrivalairport,outboundarrivaldatetime,mealtype,oceanview,roomtype
422,2023-02-04T12:50:00+00:00,2023-02-15T10:50:00+00:00,2,0,1606,PMI,PMI,2023-02-15T16:35:00+00:00,FMO,FMO,2023-02-04T17:25:00+00:00,BREAKFAST,False,APARTMENT
339,2023-07-01T17:05:00+00:00,2023-07-08T19:50:00+00:00,2,1,1770,PMI,PMI,2023-07-08T21:55:00+00:00,STR,STR,2023-07-01T19:05:00+00:00,BREAKFAST,False,DOUBLE
310,2023-10-14T00:00:00+00:00,2023-10-23T00:00:00+00:00,2,1,2700,PMI,PMI,2023-10-23T19:30:00+00:00,HAM,HAM,2023-10-14T22:10:00+00:00,ALLINCLUSIVE,False,DOUBLE
380,2023-10-05T14:10:00+00:00,2023-10-16T09:45:00+00:00,2,1,6656,PMI,PMI,2023-10-16T12:35:00+00:00,HAM,HAM,2023-10-05T16:55:00+00:00,HALFBOARD,True,DOUBLE
910,2023-05-19T00:00:00+00:00,2023-05-22T00:00:00+00:00,2,0,1305,PMI,PMI,2023-05-22T17:40:00+00:00,LEJ,LEJ,2023-05-19T08:00:00+00:00,HALFBOARD,False,STUDIO
845,2023-04-02T00:00:00+00:00,2023-04-09T00:00:00+00:00,1,2,1841,PMI,PMI,2023-04-09T14:40:00+00:00,LEJ,LEJ,2023-04-02T12:25:00+00:00,NONE,False,APARTMENT
767,2023-05-16T00:00:00+00:00,2023-05-22T00:00:00+00:00,1,0,738,PMI,PMI,2023-05-22T08:25:00+00:00,NUE,NUE,2023-05-16T19:50:00+00:00,NONE,True,APARTMENT
687,2023-04-09T00:00:00+00:00,2023-04-16T00:00:00+00:00,1,1,1340,PMI,PMI,2023-04-17T00:50:00+00:00,CGN,CGN,2023-04-09T22:25:00+00:00,HALFBOARD,False,APARTMENT
147,2023-08-18T00:00:00+00:00,2023-08-28T00:00:00+00:00,1,2,2068,PMI,PMI,2023-08-28T11:35:00+00:00,STR,STR,2023-08-18T18:25:00+00:00,NONE,False,SINGLE
347,2023-09-06T06:25:00+00:00,2023-09-15T08:35:00+00:00,2,2,3132,PMI,PMI,2023-09-15T10:40:00+00:00,STR,STR,2023-09-06T08:30:00+00:00,NONE,False,STUDIO
576,2023-04-23T05:55:00+00:00,2023-04-27T07:50:00+00:00,3,0,2766,PMI,PMI,2023-04-27T10:35:00+00:00,HAM,HAM,2023-04-23T08:35:00+00:00,ALLINCLUSIVE,False,APARTMENT
426,2023-07-02T00:00:00+00:00,2023-07-08T00:00:00+00:00,2,0,1745,PMI,PMI,2023-07-08T08:45:00+00:00,CGN,CGN,2023-07-02T19:05:00+00:00,BREAKFAST,True,DOUBLE
426,2023-04-24T00:00:00+00:00,2023-04-28T00:00:00+00:00,2,0,1002,PMI,PMI,2023-04-28T11:30:00+00:00,FRA,FRA,2023-04-24T06:50:00+00:00,BREAKFAST,True,DOUBLE
284,2023-02-01T08:30:00+00:00,2023-02-05T11:45:00+00:00,2,0,3324,PMI,PMI,2023-02-05T21:40:00+00:00,PAD,PAD,2023-02-01T17:15:00+00:00,HALFBOARD,False,SUPERIOR
811,2023-07-29T00:00:00+00:00,2023-08-07T00:00:00+00:00,2,1,4353,PMI,PMI,2023-08-07T13:50:00+00:00,HAJ,HAJ,2023-07-29T21:30:00+00:00,ALLINCLUSIVE,False,DOUBLE
73,2023-05-23T00:00:00+00:00,2023-06-02T00:00:00+00:00,2,0,1881,PMI,PMI,2023-06-02T11:05:00+00:00,CGN,CGN,2023-05-23T22:00:00+00:00,NONE,False,DOUBLE
759,2023-05-23T00:00:00+00:00,2023-06-02T00:00:00+00:00,2,0,1422,PMI,PMI,2023-06-02T11:05:00+00:00,CGN,CGN,2023-05-23T22:00:00+00:00,NONE,False,STUDIO
423,2023-07-31T18:55:00+00:00,2023-08-06T07:10:00+00:00,2,0,1408,PMI,PMI,2023-08-06T10:05:00+00:00,BER,BER,2023-07-31T21:40:00+00:00,NONE,False,DOUBLE
693,2023-07-31T18:55:00+00:00,2023-08-06T07:10:00+00:00,2,0,2220,PMI,PMI,2023-08-06T10:05:00+00:00,BER,BER,2023-07-31T21:40:00+00:00,NONE,False,APARTMENT
411,2023-10-03T00:00:00+00:00,2023-10-12T00:00:00+00:00,3,2,4438,PMI,PMI,2023-10-12T20:30:00+00:00,FMM,FMM,2023-10-03T14:55:00+00:00,BREAKFAST,False,DOUBLE
442,2023-05-04T15:55:00+00:00,2023-05-07T09:20:00+00:00,3,0,1221,PMI,PMI,2023-05-07T11:40:00+00:00,DUS,DUS,2023-05-04T18:20:00+00:00,ALLINCLUSIVE,False,STUDIO
371,2023-07-17T04:45:00+00:00,2023-07-22T02:55:00+00:00,2,1,1290,PMI,PMI,2023-07-22T05:10:00+00:00,FRA,FRA,2023-07-17T06:50:00+00:00,NONE,False,APARTMENT
212,2023-07-11T00:00:00+00:00,2023-07-18T00:00:00+00:00,2,1,2102,PMI,PMI,2023-07-18T12:25:00+00:00,FMM,FMM,2023-07-11T22:55:00+00:00,BREAKFAST,False,ECONOMY
10,2023-07-18T00:00:00+00:00,2023-07-26T00:00:00+00:00,1,2,1832,PMI,PMI,2023-07-26T22:20:00+00:00,NUE,NUE,2023-07-18T19:50:00+00:00,NONE,False,APARTMENT
324,2023-07-18T00:00:00+00:00,2023-07-26T00:00:00+00:00,1,2,4323,PMI,PMI,2023-07-26T22:20:00+00:00,NUE,NUE,2023-07-18T19:50:00+00:00,BREAKFAST,False,FAMILY
644,2023-07-14T00:00:00+00:00,2023-07-21T00:00:00+00:00,2,0,1491,PMI,PMI,2023-07-21T11:20:00+00:00,SCN,SCN,2023-07-14T08:10:00+00:00,NONE,True,DOUBLE
532,2023-07-14T00:00:00+00:00,2023-07-21T00:00:00+00:00,2,0,1588,PMI,PMI,2023-07-21T11:20:00+00:00,SCN,SCN,2023-07-14T08:10:00+00:00,NONE,False,DOUBLE
493,2023-08-29T11:10:00+00:00,2023-09-05T07:15:00+00:00,2,0,1978,PMI,PMI,2023-09-05T10:00:00+00:00,BER,BER,2023-08-29T13:55:00+00:00,HALFBOARD,False,TRIPLE
687,2023-07-20T00:00:00+00:00,2023-08-02T00:00:00+00:00,3,2,6200,PMI,PMI,2023-08-02T10:20:00+00:00,CGN,CGN,2023-07-20T22:10:00+00:00,NONE,False,APARTMENT
262,2023-06-21T15:55:00+00:00,2023-07-05T12:40:00+00:00,2,0,4740,PMI,PMI,2023-07-05T14:55:00+00:00,NUE,NUE,2023-06-21T18:10:00+00:00,ALLINCLUSIVEPLUS,False,DOUBLE
843,2023-08-10T00:00:00+00:00,2023-08-14T00:00:00+00:00,2,0,2077,PMI,PMI,2023-08-14T09:10:00+00:00,DRS,DRS,2023-08-10T20:35:00+00:00,NONE,False,DOUBLE
273,2023-08-04T00:00:00+00:00,2023-08-15T00:00:00+00:00,2,0,3100,PMI,PMI,2023-08-15T11:25:00+00:00,STR,STR,2023-08-04T18:25:00+00:00,ALLINCLUSIVE,False,STUDIO
498,2023-09-21T06:05:00+00:00,2023-09-28T09:10:00+00:00,2,0,1512,PMI,PMI,2023-09-28T11:20:00+00:00,SCN,SCN,2023-09-21T08:10:00+00:00,NONE,False,APARTMENT
19,2023-09-21T06:05:00+00:00,2023-09-28T09:10:00+00:00,2,0,1426,PMI,PMI,2023-09-28T11:20:00+00:00,SCN,SCN,2023-09-21T08:10:00+00:00,BREAKFAST,False,DOUBLE
875,2023-10-09T16:15:00+00:00,2023-10-17T16:05:00+00:00,2,0,1824,PMI,PMI,2023-10-17T18:25:00+00:00,FRA,FRA,2023-10-09T18:20:00+00:00,BREAKFAST,False,DOUBLE
519,2023-05-14T18:30:00+00:00,2023-05-25T18:30:00+00:00,2,0,1442,PMI,PMI,2023-05-25T21:05:00+00:00,BRE,BRE,2023-05-14T21:00:00+00:00,BREAKFAST,False,STUDIO
972,2023-02-17T18:10:00+00:00,2023-02-21T13:40:00+00:00,1,0,772,PMI,PMI,2023-02-21T18:25:00+00:00,CGN,CGN,2023-02-17T20:30:00+00:00,NONE,False,SINGLE
712,2023-10-04T00:00:00+00:00,2023-10-11T00:00:00+00:00,2,2,2641,PMI,PMI,2023-10-11T11:55:00+00:00,CGN,CGN,2023-10-04T07:50:00+00:00,BREAKFAST,False,APARTMENT
105,2023-06-02T00:00:00+00:00,2023-06-16T00:00:00+00:00,2,0,3199,PMI,PMI,2023-06-16T12:55:00+00:00,FRA,FRA,2023-06-02T16:05:00+00:00,HALFBOARD,False,DOUBLE
151,2023-06-02T00:00:00+00:00,2023-06-16T00:00:00+00:00,2,0,2111,PMI,PMI,2023-06-16T12:55:00+00:00,FRA,FRA,2023-06-02T16:05:00+00:00,NONE,False,DOUBLE
449,2023-07-23T00:00:00+00:00,2023-07-30T00:00:00+00:00,2,0,1727,PMI,PMI,2023-07-30T16:40:00+00:00,DRS,DRS,2023-07-23T18:40:00+00:00,NONE,False,DOUBLE
694,2023-07-23T00:00:00+00:00,2023-07-30T00:00:00+00:00,2,0,2458,PMI,PMI,2023-07-30T16:40:00+00:00,DRS,DRS,2023-07-23T18:40:00+00:00,NONE,False,APARTMENT
316,2023-08-12T06:00:00+00:00,2023-08-19T08:15:00+00:00,2,2,2484,PMI,PMI,2023-08-19T10:35:00+00:00,DUS,DUS,2023-08-12T08:25:00+00:00,ALLINCLUSIVE,False,DOUBLE
366,2023-06-13T16:40:00+00:00,2023-06-23T12:50:00+00:00,2,0,1924,PMI,PMI,2023-06-23T15:20:00+00:00,DTM,DTM,2023-06-13T18:55:00+00:00,ALLINCLUSIVE,False,FAMILY
454,2023-06-02T05:55:00+00:00,2023-06-06T20:55:00+00:00,2,1,2013,PMI,PMI,2023-06-06T23:00:00+00:00,MUC,MUC,2023-06-02T08:05:00+00:00,BREAKFAST,True,DOUBLE
847,2023-09-23T14:10:00+00:00,2023-10-14T17:20:00+00:00,2,0,2036,PMI,PMI,2023-10-14T19:35:00+00:00,NUE,NUE,2023-09-23T16:20:00+00:00,HALFBOARD,False,DOUBLE
121,2023-09-23T16:55:00+00:00,2023-10-14T14:30:00+00:00,2,0,3774,PMI,PMI,2023-10-14T16:45:00+00:00,NUE,NUE,2023-09-23T19:10:00+00:00,ALLINCLUSIVE,False,DOUBLE
326,2023-06-26T17:45:00+00:00,2023-07-01T09:05:00+00:00,1,3,1648,PMI,PMI,2023-07-01T11:10:00+00:00,MUC,MUC,2023-06-26T19:55:00+00:00,NONE,False,APARTMENT
363,2023-05-23T06:15:00+00:00,2023-06-01T09:00:00+00:00,2,0,1508,PMI,PMI,2023-06-01T11:05:00+00:00,STR,STR,2023-05-23T08:20:00+00:00,HALFBOARD,True,DOUBLE
569,2023-06-12T06:25:00+00:00,2023-06-16T10:05:00+00:00,1,0,563,PMI,PMI,2023-06-16T12:10:00+00:00,STR,STR,2023-06-12T08:30:00+00:00,BREAKFAST,False,SINGLE
389,2023-09-28T00:00:00+00:00,2023-10-03T00:00:00+00:00,2,0,1537,PMI,PMI,2023-10-03T17:30:00+00:00,BRE,BRE,2023-09-28T22:30:00+00:00,NONE,False,DOUBLE
974,2023-09-28T00:00:00+00:00,2023-10-03T00:00:00+00:00,2,0,2239,PMI,PMI,2023-10-03T17:30:00+00:00,BRE,BRE,2023-09-28T22:30:00+00:00,BREAKFAST,False,SUITE
967,2023-09-28T00:00:00+00:00,2023-10-03T00:00:00+00:00,2,0,1606,PMI,PMI,2023-10-03T17:30:00+00:00,BRE,BRE,2023-09-28T22:30:00+00:00,NONE,False,FAMILY
356,2023-09-28T00:00:00+00:00,2023-10-03T00:00:00+00:00,2,0,1920,PMI,PMI,2023-10-03T17:30:00+00:00,BRE,BRE,2023-09-28T22:30:00+00:00,BREAKFAST,False,DOUBLE
3,2023-10-24T11:20:00+00:00,2023-10-31T09:00:00+00:00,2,0,1274,PMI,PMI,2023-10-31T11:35:00+00:00,DRS,DRS,2023-10-24T13:40:00+00:00,HALFBOARD,False,ACCORDINGDESCRIPTION
613,2023-04-08T14:45:00+00:00,2023-04-14T07:45:00+00:00,2,0,1788,PMI,PMI,2023-04-14T10:35:00+00:00,BER,BER,2023-04-08T17:25:00+00:00,HALFBOARD,False,STUDIO
546,2023-04-08T14:45:00+00:00,2023-04-14T07:45:00+00:00,2,0,1658,PMI,PMI,2023-04-14T10:35:00+00:00,BER,BER,2023-04-08T17:25:00+00:00,ALLINCLUSIVE,False,DOUBLE
602,2023-04-09T18:35:00+00:00,2023-04-16T15:05:00+00:00,2,0,2614,PMI,PMI,2023-04-16T17:50:00+00:00,BER,BER,2023-04-09T21:20:00+00:00,HALFBOARD,False,ACCORDINGDESCRIPTION
288,2023-08-31T11:45:00+00:00,2023-09-09T12:45:00+00:00,2,1,2682,PMI,PMI,2023-09-09T20:20:00+00:00,MUC,MUC,2023-08-31T17:25:00+00:00,ALLINCLUSIVE,True,APARTMENT
771,2023-08-31T11:45:00+00:00,2023-09-09T12:45:00+00:00,2,1,2259,PMI,PMI,2023-09-09T20:20:00+00:00,MUC,MUC,2023-08-31T17:25:00+00:00,NONE,False,APARTMENT
425,2023-02-13T00:00:00+00:00,2023-02-16T00:00:00+00:00,1,0,428,PMI,PMI,2023-02-16T09:30:00+00:00,CGN,CGN,2023-02-13T11:20:00+00:00,BREAKFAST,False,SINGLE
427,2023-04-03T00:00:00+00:00,2023-04-07T00:00:00+00:00,2,2,1777,PMI,PMI,2023-04-07T16:05:00+00:00,VIE,VIE,2023-04-03T13:00:00+00:00,NONE,False,APARTMENT
649,2023-08-03T00:00:00+00:00,2023-08-10T00:00:00+00:00,2,0,2346,PMI,PMI,2023-08-10T16:30:00+00:00,PAD,PAD,2023-08-03T19:40:00+00:00,HALFBOARD,False,DOUBLE
586,2023-09-01T00:00:00+00:00,2023-09-03T00:00:00+00:00,3,1,1629,PMI,PMI,2023-09-03T06:45:00+00:00,DUS,DUS,2023-09-01T23:25:00+00:00,NONE,False,FAMILY
425,2023-07-24T00:00:00+00:00,2023-08-05T00:00:00+00:00,2,1,4479,PMI,PMI,2023-08-05T09:15:00+00:00,BER,BER,2023-07-24T08:45:00+00:00,NONE,False,DOUBLE
325,2023-07-12T00:00:00+00:00,2023-07-18T00:00:00+00:00,2,0,1984,PMI,PMI,2023-07-18T08:55:00+00:00,CGN,CGN,2023-07-12T19:20:00+00:00,HALFBOARD,False,STUDIO
502,2023-10-21T18:55:00+00:00,2023-10-26T09:30:00+00:00,4,0,10316,PMI,PMI,2023-10-26T12:10:00+00:00,HAJ,HAJ,2023-10-21T21:30:00+00:00,BREAKFAST,False,DOUBLE
681,2023-05-27T18:50:00+00:00,2023-06-03T09:25:00+00:00,2,0,1788,PMI,PMI,2023-06-03T11:55:00+00:00,FMO,FMO,2023-05-27T21:10:00+00:00,ALLINCLUSIVE,False,ACCORDINGDESCRIPTION
877,2023-04-03T12:50:00+00:00,2023-04-14T09:15:00+00:00,2,0,1502,PMI,PMI,2023-04-14T15:05:00+00:00,BER,BER,2023-04-03T19:55:00+00:00,HALFBOARD,False,DOUBLE
863,2023-08-05T00:00:00+00:00,2023-08-11T00:00:00+00:00,2,1,3039,PMI,PMI,2023-08-11T16:15:00+00:00,HAJ,HAJ,2023-08-05T22:20:00+00:00,ALLINCLUSIVE,False,DOUBLE
310,2023-06-02T00:00:00+00:00,2023-06-09T00:00:00+00:00,2,0,1803,PMI,PMI,2023-06-09T22:20:00+00:00,BER,BER,2023-06-02T21:55:00+00:00,ALLINCLUSIVE,False,DOUBLE
6,2023-10-16T00:00:00+00:00,2023-10-29T00:00:00+00:00,2,0,2666,PMI,PMI,2023-10-29T20:00:00+00:00,HAM,HAM,2023-10-16T19:55:00+00:00,BREAKFAST,False,DOUBLE
389,2023-05-28T17:25:00+00:00,2023-06-02T19:10:00+00:00,2,1,2766,PMI,PMI,2023-06-02T21:40:00+00:00,LEJ,LEJ,2023-05-28T19:55:00+00:00,ALLINCLUSIVE,False,SUITE
438,2023-06-08T20:00:00+00:00,2023-06-17T06:20:00+00:00,2,0,1980,PMI,PMI,2023-06-17T08:45:00+00:00,NRN,NRN,2023-06-08T22:20:00+00:00,BREAKFAST,False,SUITE
50,2023-06-09T19:20:00+00:00,2023-06-16T12:50:00+00:00,2,0,1420,PMI,PMI,2023-06-16T15:20:00+00:00,DTM,DTM,2023-06-09T21:35:00+00:00,NONE,False,APARTMENT
343,2023-06-09T19:20:00+00:00,2023-06-16T12:50:00+00:00,2,0,2336,PMI,PMI,2023-06-16T15:20:00+00:00,DTM,DTM,2023-06-09T21:35:00+00:00,BREAKFAST,False,DOUBLE
767,2023-06-27T00:00:00+00:00,2023-07-06T00:00:00+00:00,2,0,3115,PMI,PMI,2023-07-06T17:55:00+00:00,CGN,CGN,2023-06-27T09:30:00+00:00,NONE,False,APARTMENT
867,2023-10-01T13:10:00+00:00,2023-10-06T09:15:00+00:00,2,0,1770,PMI,PMI,2023-10-06T16:40:00+00:00,DRS,DRS,2023-10-01T17:20:00+00:00,HALFBOARD,False,ACCORDINGDESCRIPTION
772,2023-07-24T00:00:00+00:00,2023-07-31T00:00:00+00:00,2,0,1058,PMI,PMI,2023-07-31T11:35:00+00:00,STR,STR,2023-07-24T19:55:00+00:00,NONE,True,DOUBLE
226,2023-04-25T00:00:00+00:00,2023-05-03T00:00:00+00:00,2,0,1727,PMI,PMI,2023-05-03T08:30:00+00:00,BSL,BSL,2023-04-25T22:35:00+00:00,ALLINCLUSIVE,False,DOUBLE
874,2023-03-11T06:10:00+00:00,2023-03-17T11:15:00+00:00,2,0,998,PMI,PMI,2023-03-17T13:25:00+00:00,NUE,NUE,2023-03-11T08:20:00+00:00,BREAKFAST,False,DOUBLE
609,2023-08-27T00:00:00+00:00,2023-09-10T00:00:00+00:00,1,0,2028,PMI,PMI,2023-09-10T09:35:00+00:00,CGN,CGN,2023-08-27T22:25:00+00:00,NONE,False,STUDIO
704,2023-09-21T15:30:00+00:00,2023-09-30T08:15:00+00:00,2,0,1252,PMI,PMI,2023-09-30T10:35:00+00:00,DUS,DUS,2023-09-21T17:55:00+00:00,NONE,False,STUDIO
555,2023-09-21T15:30:00+00:00,2023-09-30T08:15:00+00:00,2,0,2174,PMI,PMI,2023-09-30T10:35:00+00:00,DUS,DUS,2023-09-21T17:55:00+00:00,BREAKFAST,False,DOUBLE
262,2023-10-04T13:30:00+00:00,2023-10-14T09:15:00+00:00,2,2,3684,PMI,PMI,2023-10-14T16:05:00+00:00,DUS,DUS,2023-10-04T20:30:00+00:00,ALLINCLUSIVEPLUS,False,SUITE
176,2023-10-05T00:00:00+00:00,2023-10-19T00:00:00+00:00,2,0,2194,PMI,PMI,2023-10-19T21:00:00+00:00,FRA,FRA,2023-10-05T15:30:00+00:00,NONE,False,DOUBLE
304,2023-06-01T18:10:00+00:00,2023-06-12T15:20:00+00:00,2,0,3190,PMI,PMI,2023-06-12T17:40:00+00:00,CGN,CGN,2023-06-01T20:30:00+00:00,ALLINCLUSIVE,False,DOUBLE
731,2023-09-05T16:10:00+00:00,2023-09-14T07:10:00+00:00,2,1,1599,PMI,PMI,2023-09-14T10:05:00+00:00,BER,BER,2023-09-05T18:55:00+00:00,NONE,False,APARTMENT
873,2023-08-13T00:00:00+00:00,2023-08-20T00:00:00+00:00,2,2,6196,PMI,PMI,2023-08-20T23:35:00+00:00,HHN,HHN,2023-08-13T20:25:00+00:00,BREAKFAST,False,SUITE
532,2023-09-01T00:00:00+00:00,2023-09-08T00:00:00+00:00,3,0,1779,PMI,PMI,2023-09-08T10:25:00+00:00,DUS,DUS,2023-09-01T23:25:00+00:00,NONE,False,TRIPLE
922,2023-05-17T00:00:00+00:00,2023-05-20T00:00:00+00:00,4,0,3003,PMI,PMI,2023-05-20T20:30:00+00:00,DRS,DRS,2023-05-17T09:50:00+00:00,NONE,False,DOUBLE
784,2023-05-17T00:00:00+00:00,2023-05-20T00:00:00+00:00,4,0,3150,PMI,PMI,2023-05-20T20:30:00+00:00,DRS,DRS,2023-05-17T09:50:00+00:00,NONE,False,DOUBLE
272,2023-05-17T00:00:00+00:00,2023-05-20T00:00:00+00:00,4,0,2900,PMI,PMI,2023-05-20T20:30:00+00:00,DRS,DRS,2023-05-17T09:50:00+00:00,HALFBOARD,False,SUITE
689,2023-04-29T00:00:00+00:00,2023-05-07T00:00:00+00:00,2,0,2137,PMI,PMI,2023-05-07T21:30:00+00:00,FRA,FRA,2023-04-29T17:25:00+00:00,BREAKFAST,False,SUITE
526,2023-07-12T00:00:00+00:00,2023-07-17T00:00:00+00:00,2,0,1049,PMI,PMI,2023-07-17T11:10:00+00:00,MUC,MUC,2023-07-12T19:55:00+00:00,BREAKFAST,False,DOUBLE
212,2023-09-06T13:45:00+00:00,2023-09-09T07:45:00+00:00,6,0,3900,PMI,PMI,2023-09-09T10:05:00+00:00,FRA,FRA,2023-09-06T15:55:00+00:00,BREAKFAST,False,DOUBLE
974,2023-07-20T06:00:00+00:00,2023-07-31T07:10:00+00:00,2,0,4734,PMI,PMI,2023-07-31T10:05:00+00:00,BER,BER,2023-07-20T08:45:00+00:00,BREAKFAST,False,SUITE
878,2023-06-11T00:00:00+00:00,2023-06-17T00:00:00+00:00,1,0,956,PMI,PMI,2023-06-17T11:25:00+00:00,FKB,FKB,2023-06-11T07:50:00+00:00,NONE,False,SINGLE
374,2023-07-23T15:45:00+00:00,2023-07-28T07:55:00+00:00,2,1,2788,PMI,PMI,2023-07-28T10:00:00+00:00,FKB,FKB,2023-07-23T17:45:00+00:00,NONE,False,DOUBLE
829,2023-08-07T00:00:00+00:00,2023-08-14T00:00:00+00:00,2,0,1835,PMI,PMI,2023-08-14T12:00:00+00:00,ZRH,ZRH,2023-08-07T13:20:00+00:00,NONE,False,FAMILY
414,2023-08-07T00:00:00+00:00,2023-08-14T00:00:00+00:00,2,0,2228,PMI,PMI,2023-08-14T12:00:00+00:00,ZRH,ZRH,2023-08-07T13:20:00+00:00,NONE,False,APARTMENT
875,2023-07-31T17:45:00+00:00,2023-08-06T09:05:00+00:00,1,1,1872,PMI,PMI,2023-08-06T11:10:00+00:00,MUC,MUC,2023-07-31T19:55:00+00:00,BREAKFAST,False,DOUBLE
278,2023-07-31T17:45:00+00:00,2023-08-06T09:05:00+00:00,1,1,1484,PMI,PMI,2023-08-06T11:10:00+00:00,MUC,MUC,2023-07-31T19:55:00+00:00,NONE,False,APARTMENT
121,2023-05-22T17:45:00+00:00,2023-05-26T08:20:00+00:00,2,0,1396,PMI,PMI,2023-05-26T10:35:00+00:00,MUC,MUC,2023-05-22T19:55:00+00:00,ALLINCLUSIVE,False,SINGLE
331,2023-05-27T00:00:00+00:00,2023-05-29T00:00:00+00:00,2,0,1066,PMI,PMI,2023-05-29T12:20:00+00:00,MUC,MUC,2023-05-27T17:45:00+00:00,BREAKFAST,False,STUDIO
576,2023-04-09T00:00:00+00:00,2023-04-15T00:00:00+00:00,1,1,2365,PMI,PMI,2023-04-15T11:45:00+00:00,DUS,DUS,2023-04-09T08:15:00+00:00,BREAKFAST,False,APARTMENT
777,2023-04-09T00:00:00+00:00,2023-04-15T00:00:00+00:00,1,1,1157,PMI,PMI,2023-04-15T11:45:00+00:00,DUS,DUS,2023-04-09T08:15:00+00:00,BREAKFAST,False,DOUBLE
140,2023-04-08T14:45:00+00:00,2023-04-15T09:35:00+00:00,2,0,2372,PMI,PMI,2023-04-15T12:20:00+00:00,BER,BER,2023-04-08T17:25:00+00:00,HALFBOARD,True,APARTMENT
473,2023-04-08T14:45:00+00:00,2023-04-15T09:35:00+00:00,2,0,2572,PMI,PMI,2023-04-15T12:20:00+00:00,BER,BER,2023-04-08T17:25:00+00:00,HALFBOARD,True,SUITE
621,2023-10-01T00:00:00+00:00,2023-10-15T00:00:00+00:00,2,0,1914,PMI,PMI,2023-10-15T16:55:00+00:00,VIE,VIE,2023-10-01T20:15:00+00:00,BREAKFAST,False,BUNGALOW
927,2023-10-01T00:00:00+00:00,2023-10-15T00:00:00+00:00,2,0,2021,PMI,PMI,2023-10-15T16:55:00+00:00,VIE,VIE,2023-10-01T20:15:00+00:00,BREAKFAST,False,DOUBLE
908,2023-06-05T00:00:00+00:00,2023-06-11T00:00:00+00:00,2,1,3078,PMI,PMI,2023-06-11T18:20:00+00:00,STR,STR,2023-06-05T19:55:00+00:00,ALLINCLUSIVE,False,STUDIO
311,2023-10-15T00:00:00+00:00,2023-10-26T00:00:00+00:00,2,2,3074,PMI,PMI,2023-10-26T11:40:00+00:00,LEJ,LEJ,2023-10-15T19:55:00+00:00,NONE,False,APARTMENT
680,2023-10-03T19:50:00+00:00,2023-10-11T06:40:00+00:00,2,2,3876,PMI,PMI,2023-10-11T09:15:00+00:00,FMO,FMO,2023-10-03T22:10:00+00:00,ALLINCLUSIVEPLUS,False,SUITE
506,2023-04-03T17:50:00+00:00,2023-04-12T07:45:00+00:00,2,2,6288,PMI,PMI,2023-04-12T10:35:00+00:00,BER,BER,2023-04-03T20:35:00+00:00,HALFBOARD,False,SUITE
446,2023-05-22T17:55:00+00:00,2023-06-18T08:30:00+00:00,2,1,8820,PMI,PMI,2023-06-18T10:35:00+00:00,STR,STR,2023-05-22T19:55:00+00:00,ALLINCLUSIVE,False,DOUBLE
449,2023-09-10T15:30:00+00:00,2023-09-19T07:50:00+00:00,1,0,833,PMI,PMI,2023-09-19T10:35:00+00:00,HAM,HAM,2023-09-10T18:15:00+00:00,NONE,False,SINGLE
873,2023-08-07T00:00:00+00:00,2023-08-16T00:00:00+00:00,2,2,8068,PMI,PMI,2023-08-16T10:25:00+00:00,FKB,FKB,2023-08-07T19:30:00+00:00,HALFBOARD,False,SUITE
160,2023-06-28T00:00:00+00:00,2023-07-06T00:00:00+00:00,2,0,2106,PMI,PMI,2023-07-06T12:20:00+00:00,MUC,MUC,2023-06-28T19:55:00+00:00,HALFBOARD,False,DOUBLE
830,2023-06-14T00:00:00+00:00,2023-06-28T00:00:00+00:00,1,0,1613,PMI,PMI,2023-06-28T11:10:00+00:00,MUC,MUC,2023-06-14T19:55:00+00:00,HALFBOARD,False,SINGLE
635,2023-05-28T00:00:00+00:00,2023-06-01T00:00:00+00:00,2,3,3668,PMI,PMI,2023-06-01T08:55:00+00:00,BSL,BSL,2023-05-28T22:50:00+00:00,HALFBOARD,False,APARTMENT
691,2023-06-15T17:45:00+00:00,2023-06-25T09:05:00+00:00,2,0,3226,PMI,PMI,2023-06-25T11:10:00+00:00,MUC,MUC,2023-06-15T19:55:00+00:00,HALFBOARD,False,SUITE
449,2023-10-16T00:00:00+00:00,2023-10-19T00:00:00+00:00,2,0,1145,PMI,PMI,2023-10-19T22:55:00+00:00,HAJ,HAJ,2023-10-16T06:10:00+00:00,NONE,False,DOUBLE
712,2023-10-16T00:00:00+00:00,2023-10-19T00:00:00+00:00,2,0,1226,PMI,PMI,2023-10-19T22:55:00+00:00,HAJ,HAJ,2023-10-16T06:10:00+00:00,NONE,False,APARTMENT
325,2023-07-20T00:00:00+00:00,2023-07-25T00:00:00+00:00,2,0,1930,PMI,PMI,2023-07-25T08:55:00+00:00,CGN,CGN,2023-07-20T22:10:00+00:00,HALFBOARD,False,STUDIO
611,2023-04-03T00:00:00+00:00,2023-04-07T00:00:00+00:00,2,0,881,PMI,PMI,2023-04-07T12:10:00+00:00,STR,STR,2023-04-03T23:25:00+00:00,HALFBOARD,False,DOUBLE
838,2023-05-23T19:00:00+00:00,2023-06-05T20:00:00+00:00,2,0,3432,PMI,PMI,2023-06-05T22:20:00+00:00,CGN,CGN,2023-05-23T21:20:00+00:00,ALLINCLUSIVE,False,DOUBLE
201,2023-05-30T06:25:00+00:00,2023-06-06T09:15:00+00:00,2,0,1048,PMI,PMI,2023-06-06T18:55:00+00:00,SZG,SZG,2023-05-30T14:20:00+00:00,BREAKFAST,False,DOUBLE
634,2023-05-30T06:25:00+00:00,2023-06-06T09:15:00+00:00,2,0,2230,PMI,PMI,2023-06-06T18:55:00+00:00,SZG,SZG,2023-05-30T14:20:00+00:00,BREAKFAST,False,DOUBLE
212,2023-03-03T00:00:00+00:00,2023-03-10T00:00:00+00:00,2,0,976,PMI,PMI,2023-03-10T22:20:00+00:00,BER,BER,2023-03-03T21:10:00+00:00,BREAKFAST,False,DOUBLE
578,2023-06-03T10:50:00+00:00,2023-06-13T12:25:00+00:00,2,2,5108,PMI,PMI,2023-06-13T17:50:00+00:00,FRA,FRA,2023-06-03T18:25:00+00:00,HALFBOARD,False,APARTMENT
213,2023-08-28T05:50:00+00:00,2023-09-04T08:10:00+00:00,2,0,1544,PMI,PMI,2023-09-04T10:30:00+00:00,DUS,DUS,2023-08-28T08:15:00+00:00,ALLINCLUSIVE,False,DOUBLE
287,2023-07-10T10:55:00+00:00,2023-07-17T16:55:00+00:00,2,0,1478,PMI,PMI,2023-07-17T21:35:00+00:00,HAJ,HAJ,2023-07-10T16:05:00+00:00,HALFBOARD,False,DOUBLE
743,2023-07-10T10:55:00+00:00,2023-07-17T16:55:00+00:00,2,0,1736,PMI,PMI,2023-07-17T21:35:00+00:00,HAJ,HAJ,2023-07-10T16:05:00+00:00,HALFBOARD,False,DOUBLE
283,2023-07-10T10:55:00+00:00,2023-07-17T16:55:00+00:00,2,0,1742,PMI,PMI,2023-07-17T21:35:00+00:00,HAJ,HAJ,2023-07-10T16:05:00+00:00,HALFBOARD,False,DOUBLE
132,2023-06-16T05:30:00+00:00,2023-06-22T09:15:00+00:00,2,1,1977,PMI,PMI,2023-06-22T11:30:00+00:00,FRA,FRA,2023-06-16T07:45:00+00:00,BREAKFAST,False,DOUBLE
174,2023-07-06T00:00:00+00:00,2023-07-12T00:00:00+00:00,3,1,3288,PMI,PMI,2023-07-12T13:50:00+00:00,HAJ,HAJ,2023-07-06T23:25:00+00:00,NONE,False,DOUBLE
497,2023-07-06T00:00:00+00:00,2023-07-12T00:00:00+00:00,3,1,3381,PMI,PMI,2023-07-12T13:50:00+00:00,HAJ,HAJ,2023-07-06T23:25:00+00:00,BREAKFAST,False,DOUBLE
273,2023-05-23T00:00:00+00:00,2023-06-02T00:00:00+00:00,1,0,1429,PMI,PMI,2023-06-02T12:15:00+00:00,DUS,DUS,2023-05-23T19:05:00+00:00,ALLINCLUSIVE,False,STUDIO
756,2023-06-08T00:00:00+00:00,2023-06-17T00:00:00+00:00,2,0,1910,PMI,PMI,2023-06-17T11:25:00+00:00,FKB,FKB,2023-06-08T23:25:00+00:00,NONE,False,APARTMENT
189,2023-06-26T00:00:00+00:00,2023-07-06T00:00:00+00:00,2,0,2189,PMI,PMI,2023-07-06T21:30:00+00:00,CGN,CGN,2023-06-26T17:25:00+00:00,HALFBOARD,False,DOUBLE
433,2023-08-31T00:00:00+00:00,2023-09-09T00:00:00+00:00,2,2,2900,PMI,PMI,2023-09-09T20:20:00+00:00,DUS,DUS,2023-08-31T18:40:00+00:00,HALFBOARD,False,DOUBLE
783,2023-08-09T00:00:00+00:00,2023-08-21T00:00:00+00:00,2,2,8075,PMI,PMI,2023-08-21T22:45:00+00:00,STR,STR,2023-08-09T20:10:00+00:00,HALFBOARD,False,FAMILY
827,2023-06-05T00:00:00+00:00,2023-06-08T00:00:00+00:00,8,0,2800,PMI,PMI,2023-06-08T10:05:00+00:00,BER,BER,2023-06-05T21:55:00+00:00,BREAKFAST,False,DOUBLE
89,2023-06-19T00:00:00+00:00,2023-06-23T00:00:00+00:00,2,0,1220,PMI,PMI,2023-06-23T11:30:00+00:00,LEJ,LEJ,2023-06-19T17:15:00+00:00,HALFBOARD,False,DOUBLE
314,2023-06-12T06:25:00+00:00,2023-06-23T19:25:00+00:00,2,0,1536,PMI,PMI,2023-06-23T21:30:00+00:00,STR,STR,2023-06-12T08:30:00+00:00,BREAKFAST,False,DOUBLE
111,2023-08-30T21:50:00+00:00,2023-09-03T07:10:00+00:00,4,0,2960,PMI,PMI,2023-09-03T10:05:00+00:00,BER,BER,2023-08-31T00:35:00+00:00,HALFBOARD,False,STUDIO
377,2023-07-29T07:15:00+00:00,2023-08-05T10:30:00+00:00,1,2,2517,PMI,PMI,2023-08-05T12:55:00+00:00,DUS,DUS,2023-07-29T09:30:00+00:00,ALLINCLUSIVE,False,DOUBLE
342,2023-06-05T00:00:00+00:00,2023-06-10T00:00:00+00:00,3,0,1451,PMI,PMI,2023-06-10T10:05:00+00:00,BER,BER,2023-06-05T21:55:00+00:00,BREAKFAST,False,TRIPLE
969,2023-09-07T05:55:00+00:00,2023-09-15T10:05:00+00:00,1,0,927,PMI,PMI,2023-09-15T12:10:00+00:00,STR,STR,2023-09-07T08:00:00+00:00,BREAKFAST,False,STUDIO
211,2023-06-18T18:20:00+00:00,2023-06-22T09:00:00+00:00,2,0,1132,PMI,PMI,2023-06-22T11:05:00+00:00,STR,STR,2023-06-18T20:20:00+00:00,HALFBOARD,False,DOUBLE
950,2023-03-31T03:40:00+00:00,2023-04-05T23:15:00+00:00,1,1,2620,PMI,PMI,2023-04-06T01:45:00+00:00,FMO,FMO,2023-03-31T06:00:00+00:00,NONE,False,DOUBLE
417,2023-06-27T19:00:00+00:00,2023-07-11T07:20:00+00:00,2,2,4920,PMI,PMI,2023-07-11T09:40:00+00:00,CGN,CGN,2023-06-27T21:20:00+00:00,NONE,False,DELUXE
540,2023-07-18T19:00:00+00:00,2023-07-24T22:30:00+00:00,2,0,1708,PMI,PMI,2023-07-25T00:50:00+00:00,CGN,CGN,2023-07-18T21:20:00+00:00,BREAKFAST,False,DOUBLE
793,2023-06-01T03:30:00+00:00,2023-06-11T08:10:00+00:00,1,2,2742,PMI,PMI,2023-06-11T10:25:00+00:00,NUE,NUE,2023-06-01T05:40:00+00:00,ALLINCLUSIVE,False,STUDIO
409,2023-08-02T10:55:00+00:00,2023-08-08T16:55:00+00:00,2,0,1714,PMI,PMI,2023-08-08T21:35:00+00:00,HAJ,HAJ,2023-08-02T16:05:00+00:00,HALFBOARD,False,DOUBLE
125,2023-09-15T00:00:00+00:00,2023-09-22T00:00:00+00:00,4,0,2459,PMI,PMI,2023-09-22T10:30:00+00:00,HAM,HAM,2023-09-15T17:45:00+00:00,ALLINCLUSIVE,False,DOUBLE
877,2023-05-20T00:00:00+00:00,2023-05-26T00:00:00+00:00,2,0,1874,PMI,PMI,2023-05-26T12:55:00+00:00,FRA,FRA,2023-05-20T07:45:00+00:00,ALLINCLUSIVE,True,DOUBLE
425,2023-05-07T15:45:00+00:00,2023-05-16T08:20:00+00:00,2,1,3820,PMI,PMI,2023-05-16T10:25:00+00:00,FKB,FKB,2023-05-07T17:45:00+00:00,BREAKFAST,False,DOUBLE
314,2023-04-06T00:00:00+00:00,2023-04-12T00:00:00+00:00,2,0,1201,PMI,PMI,2023-04-12T10:35:00+00:00,BER,BER,2023-04-06T14:25:00+00:00,BREAKFAST,False,DOUBLE
277,2023-07-17T16:45:00+00:00,2023-07-23T08:50:00+00:00,3,0,3201,PMI,PMI,2023-07-23T11:25:00+00:00,FKB,FKB,2023-07-17T18:45:00+00:00,ALLINCLUSIVE,False,SUITE
538,2023-06-14T00:00:00+00:00,2023-06-23T00:00:00+00:00,2,2,2631,PMI,PMI,2023-06-23T12:55:00+00:00,FRA,FRA,2023-06-14T18:25:00+00:00,HALFBOARD,False,DOUBLE
73,2023-03-31T00:00:00+00:00,2023-04-14T00:00:00+00:00,2,0,1927,PMI,PMI,2023-04-14T16:40:00+00:00,SCN,SCN,2023-03-31T19:25:00+00:00,NONE,False,DOUBLE
258,2023-06-25T00:00:00+00:00,2023-06-30T00:00:00+00:00,2,0,1365,PMI,PMI,2023-06-30T11:20:00+00:00,SCN,SCN,2023-06-25T19:30:00+00:00,ALLINCLUSIVE,False,DOUBLE
444,2023-09-20T00:00:00+00:00,2023-09-27T00:00:00+00:00,2,0,1948,PMI,PMI,2023-09-27T08:30:00+00:00,BSL,BSL,2023-09-20T23:45:00+00:00,BREAKFAST,True,DOUBLE
730,2023-09-21T00:00:00+00:00,2023-09-30T00:00:00+00:00,2,0,1484,PMI,PMI,2023-09-30T10:35:00+00:00,DUS,DUS,2023-09-21T17:55:00+00:00,NONE,False,STUDIO
411,2023-05-08T17:05:00+00:00,2023-05-13T06:20:00+00:00,2,0,1376,PMI,PMI,2023-05-13T08:45:00+00:00,CGN,CGN,2023-05-08T19:25:00+00:00,ALLINCLUSIVE,False,DOUBLE
265,2023-06-02T00:00:00+00:00,2023-06-16T00:00:00+00:00,2,0,2258,PMI,PMI,2023-06-16T11:05:00+00:00,CGN,CGN,2023-06-02T20:40:00+00:00,HALFBOARD,False,STUDIO
143,2023-09-23T00:00:00+00:00,2023-09-30T00:00:00+00:00,2,0,1479,PMI,PMI,2023-09-30T21:25:00+00:00,CGN,CGN,2023-09-23T11:30:00+00:00,BREAKFAST,False,DOUBLE
934,2023-09-23T00:00:00+00:00,2023-09-30T00:00:00+00:00,2,0,1466,PMI,PMI,2023-09-30T21:25:00+00:00,CGN,CGN,2023-09-23T11:30:00+00:00,NONE,False,APARTMENT
954,2023-09-23T00:00:00+00:00,2023-09-30T00:00:00+00:00,2,0,4443,PMI,PMI,2023-09-30T21:25:00+00:00,CGN,CGN,2023-09-23T11:30:00+00:00,NONE,False,DOUBLE
19,2023-05-10T13:10:00+00:00,2023-05-19T08:35:00+00:00,2,1,2265,PMI,PMI,2023-05-19T11:05:00+00:00,FRA,FRA,2023-05-10T15:15:00+00:00,BREAKFAST,False,DOUBLE
158,2023-08-05T06:10:00+00:00,2023-08-12T15:25:00+00:00,2,0,1664,PMI,PMI,2023-08-12T22:25:00+00:00,LUX,LUX,2023-08-05T14:40:00+00:00,BREAKFAST,False,DOUBLE
696,2023-07-11T20:00:00+00:00,2023-07-20T07:10:00+00:00,2,1,4158,PMI,PMI,2023-07-20T10:05:00+00:00,BER,BER,2023-07-11T22:45:00+00:00,BREAKFAST,True,DELUXE
119,2023-04-07T18:30:00+00:00,2023-04-14T15:15:00+00:00,2,2,1748,PMI,PMI,2023-04-14T17:30:00+00:00,HHN,HHN,2023-04-07T20:35:00+00:00,NONE,False,APARTMENT
635,2023-08-23T00:00:00+00:00,2023-08-29T00:00:00+00:00,1,0,1609,PMI,PMI,2023-08-29T10:25:00+00:00,DUS,DUS,2023-08-23T18:05:00+00:00,NONE,False,STUDIO
979,2023-08-23T00:00:00+00:00,2023-08-29T00:00:00+00:00,1,0,2760,PMI,PMI,2023-08-29T10:25:00+00:00,DUS,DUS,2023-08-23T18:05:00+00:00,BREAKFAST,False,SUITE
869,2023-08-02T00:00:00+00:00,2023-08-11T00:00:00+00:00,2,2,9538,PMI,PMI,2023-08-11T10:20:00+00:00,DUS,DUS,2023-08-02T18:40:00+00:00,HALFBOARD,False,APARTMENT
360,2023-08-21T16:50:00+00:00,2023-09-03T09:20:00+00:00,2,2,3228,PMI,PMI,2023-09-03T11:40:00+00:00,DUS,DUS,2023-08-21T19:15:00+00:00,NONE,False,APARTMENT
986,2023-06-10T18:50:00+00:00,2023-06-14T23:15:00+00:00,2,2,1572,PMI,PMI,2023-06-15T01:45:00+00:00,FMO,FMO,2023-06-10T21:10:00+00:00,BREAKFAST,False,ACCORDINGDESCRIPTION
562,2023-10-07T00:00:00+00:00,2023-10-20T00:00:00+00:00,2,0,2687,PMI,PMI,2023-10-20T11:40:00+00:00,CGN,CGN,2023-10-07T22:05:00+00:00,BREAKFAST,False,DOUBLE
827,2023-09-20T00:00:00+00:00,2023-09-28T00:00:00+00:00,2,0,2006,PMI,PMI,2023-09-28T12:20:00+00:00,MUC,MUC,2023-09-20T15:15:00+00:00,BREAKFAST,False,SUITE
735,2023-06-19T17:45:00+00:00,2023-06-25T09:05:00+00:00,2,0,1140,PMI,PMI,2023-06-25T11:10:00+00:00,MUC,MUC,2023-06-19T19:55:00+00:00,BREAKFAST,False,DOUBLE
134,2023-04-09T00:00:00+00:00,2023-04-13T00:00:00+00:00,2,0,830,PMI,PMI,2023-04-13T15:25:00+00:00,FMM,FMM,2023-04-09T16:45:00+00:00,HALFBOARD,False,DOUBLE
86,2023-06-24T00:00:00+00:00,2023-07-03T00:00:00+00:00,2,0,1268,PMI,PMI,2023-07-03T14:55:00+00:00,NUE,NUE,2023-06-24T19:10:00+00:00,BREAKFAST,False,DOUBLE
569,2023-04-07T05:55:00+00:00,2023-04-14T07:45:00+00:00,2,0,1280,PMI,PMI,2023-04-14T10:30:00+00:00,HAM,HAM,2023-04-07T08:40:00+00:00,BREAKFAST,True,DOUBLE
289,2023-04-26T00:00:00+00:00,2023-05-05T00:00:00+00:00,2,0,900,PMI,PMI,2023-05-05T12:20:00+00:00,MUC,MUC,2023-04-26T08:05:00+00:00,NONE,False,STUDIO
418,2023-04-26T00:00:00+00:00,2023-05-05T00:00:00+00:00,2,0,1678,PMI,PMI,2023-05-05T12:20:00+00:00,MUC,MUC,2023-04-26T08:05:00+00:00,BREAKFAST,False,DOUBLE
62,2023-08-22T09:55:00+00:00,2023-08-29T09:30:00+00:00,1,0,1034,PMI,PMI,2023-08-29T12:20:00+00:00,HAM,HAM,2023-08-22T12:40:00+00:00,HALFBOARD,False,SINGLE
509,2023-04-08T15:45:00+00:00,2023-04-14T09:15:00+00:00,2,0,1020,PMI,PMI,2023-04-14T11:35:00+00:00,DUS,DUS,2023-04-08T18:10:00+00:00,BREAKFAST,False,DOUBLE
573,2023-03-20T00:00:00+00:00,2023-03-27T00:00:00+00:00,2,0,1759,PMI,PMI,2023-03-27T11:35:00+00:00,DUS,DUS,2023-03-20T08:10:00+00:00,HALFBOARD,False,DOUBLE
769,2023-09-02T00:00:00+00:00,2023-09-08T00:00:00+00:00,2,0,2444,PMI,PMI,2023-09-08T12:00:00+00:00,BRE,BRE,2023-09-02T22:45:00+00:00,BREAKFAST,False,APARTMENT
991,2023-09-02T00:00:00+00:00,2023-09-08T00:00:00+00:00,2,0,1396,PMI,PMI,2023-09-08T12:00:00+00:00,BRE,BRE,2023-09-02T22:45:00+00:00,NONE,False,DOUBLE
547,2023-07-26T05:30:00+00:00,2023-08-01T16:05:00+00:00,1,1,2418,PMI,PMI,2023-08-01T18:25:00+00:00,FRA,FRA,2023-07-26T07:45:00+00:00,HALFBOARD,False,DOUBLE
613,2023-06-24T00:00:00+00:00,2023-07-07T00:00:00+00:00,2,1,4003,PMI,PMI,2023-07-07T13:15:00+00:00,FRA,FRA,2023-06-24T17:25:00+00:00,NONE,False,SUITE
257,2023-05-14T00:00:00+00:00,2023-05-20T00:00:00+00:00,2,0,1834,PMI,PMI,2023-05-20T11:10:00+00:00,MUC,MUC,2023-05-14T19:55:00+00:00,ALLINCLUSIVE,False,DOUBLE
397,2023-05-14T00:00:00+00:00,2023-05-20T00:00:00+00:00,2,0,887,PMI,PMI,2023-05-20T11:10:00+00:00,MUC,MUC,2023-05-14T19:55:00+00:00,BREAKFAST,False,DOUBLE
794,2023-05-14T00:00:00+00:00,2023-05-20T00:00:00+00:00,2,0,3413,PMI,PMI,2023-05-20T11:10:00+00:00,MUC,MUC,2023-05-14T19:55:00+00:00,BREAKFAST,False,SUITE
962,2023-10-07T05:20:00+00:00,2023-10-14T08:30:00+00:00,2,0,1290,PMI,PMI,2023-10-14T11:00:00+00:00,AMS,AMS,2023-10-07T07:45:00+00:00,BREAKFAST,False,DOUBLE
52,2023-09-12T06:00:00+00:00,2023-09-17T07:35:00+00:00,2,0,1466,PMI,PMI,2023-09-17T09:50:00+00:00,FMO,FMO,2023-09-12T08:25:00+00:00,BREAKFAST,False,DOUBLE
668,2023-07-08T04:45:00+00:00,2023-07-15T02:55:00+00:00,3,0,2223,PMI,PMI,2023-07-15T05:10:00+00:00,FRA,FRA,2023-07-08T06:50:00+00:00,NONE,False,APARTMENT
76,2023-06-03T00:00:00+00:00,2023-06-08T00:00:00+00:00,2,1,1419,PMI,PMI,2023-06-08T22:10:00+00:00,SZG,SZG,2023-06-03T18:10:00+00:00,NONE,False,DOUBLE
44,2023-05-23T00:00:00+00:00,2023-05-31T00:00:00+00:00,2,0,1648,PMI,PMI,2023-05-31T09:50:00+00:00,LEJ,LEJ,2023-05-23T16:45:00+00:00,HALFBOARD,False,DOUBLE
139,2023-04-19T06:20:00+00:00,2023-04-24T17:25:00+00:00,2,0,902,PMI,PMI,2023-04-24T23:05:00+00:00,HAJ,HAJ,2023-04-19T14:25:00+00:00,NONE,False,STUDIO
180,2023-04-19T13:00:00+00:00,2023-04-24T17:25:00+00:00,2,0,1038,PMI,PMI,2023-04-24T23:05:00+00:00,HAJ,HAJ,2023-04-19T17:20:00+00:00,NONE,False,APARTMENT
462,2023-05-31T00:00:00+00:00,2023-06-08T00:00:00+00:00,2,1,2497,PMI,PMI,2023-06-08T10:25:00+00:00,ZRH,ZRH,2023-05-31T14:40:00+00:00,HALFBOARD,False,DOUBLE
797,2023-08-03T17:10:00+00:00,2023-08-10T09:10:00+00:00,2,0,2282,PMI,PMI,2023-08-10T11:40:00+00:00,LEJ,LEJ,2023-08-03T19:40:00+00:00,HALFBOARD,False,DOUBLE
547,2023-06-29T05:30:00+00:00,2023-07-08T02:55:00+00:00,2,0,2752,PMI,PMI,2023-07-08T05:10:00+00:00,FRA,FRA,2023-06-29T07:45:00+00:00,HALFBOARD,False,DOUBLE
644,2023-09-02T04:40:00+00:00,2023-09-11T22:30:00+00:00,2,0,2412,PMI,PMI,2023-09-12T00:50:00+00:00,CGN,CGN,2023-09-02T07:00:00+00:00,NONE,False,SINGLE
775,2023-03-18T00:00:00+00:00,2023-03-25T00:00:00+00:00,1,0,3210,PMI,PMI,2023-03-25T10:30:00+00:00,HAM,HAM,2023-03-18T20:50:00+00:00,NONE,False,SINGLE
383,2023-04-13T08:55:00+00:00,2023-04-20T11:05:00+00:00,2,0,1490,PMI,PMI,2023-04-20T15:40:00+00:00,PRG,PRG,2023-04-13T18:20:00+00:00,ALLINCLUSIVE,False,DOUBLE
603,2023-07-20T00:00:00+00:00,2023-07-27T00:00:00+00:00,1,1,1778,PMI,PMI,2023-07-27T10:10:00+00:00,DUS,DUS,2023-07-20T17:55:00+00:00,BREAKFAST,False,DOUBLE
582,2023-06-19T00:00:00+00:00,2023-06-26T00:00:00+00:00,2,0,1703,PMI,PMI,2023-06-26T12:20:00+00:00,BER,BER,2023-06-19T21:55:00+00:00,NONE,False,DOUBLE
843,2023-06-19T00:00:00+00:00,2023-06-26T00:00:00+00:00,2,0,4288,PMI,PMI,2023-06-26T12:20:00+00:00,BER,BER,2023-06-19T21:55:00+00:00,NONE,False,DOUBLE
980,2023-09-02T16:55:00+00:00,2023-09-09T13:40:00+00:00,2,0,1720,PMI,PMI,2023-09-09T15:55:00+00:00,NUE,NUE,2023-09-02T19:10:00+00:00,HALFBOARD,False,DOUBLE
798,2023-04-14T05:50:00+00:00,2023-04-21T09:15:00+00:00,2,0,714,PMI,PMI,2023-04-21T11:35:00+00:00,DUS,DUS,2023-04-14T08:15:00+00:00,BREAKFAST,False,DOUBLE
560,2023-07-10T00:00:00+00:00,2023-07-17T00:00:00+00:00,2,1,4464,PMI,PMI,2023-07-17T10:30:00+00:00,DUS,DUS,2023-07-10T18:30:00+00:00,HALFBOARD,False,SUITE
41,2023-03-30T00:00:00+00:00,2023-04-05T00:00:00+00:00,1,0,902,PMI,PMI,2023-04-05T10:25:00+00:00,FKB,FKB,2023-03-30T19:50:00+00:00,NONE,False,STUDIO
132,2023-06-17T19:45:00+00:00,2023-06-24T08:25:00+00:00,2,1,2178,PMI,PMI,2023-06-24T10:45:00+00:00,CGN,CGN,2023-06-17T22:05:00+00:00,BREAKFAST,False,DOUBLE
835,2023-06-17T15:30:00+00:00,2023-06-24T09:35:00+00:00,2,0,3456,PMI,PMI,2023-06-24T12:20:00+00:00,BER,BER,2023-06-17T18:15:00+00:00,BREAKFAST,False,DOUBLE
580,2023-09-25T07:50:00+00:00,2023-10-01T06:50:00+00:00,2,1,1827,PMI,PMI,2023-10-01T09:15:00+00:00,CGN,CGN,2023-09-25T10:10:00+00:00,BREAKFAST,True,DOUBLE
49,2023-07-18T15:45:00+00:00,2023-07-25T20:05:00+00:00,2,0,1672,PMI,PMI,2023-07-25T22:25:00+00:00,DUS,DUS,2023-07-18T18:15:00+00:00,HALFBOARD,False,DOUBLE
657,2023-07-19T19:00:00+00:00,2023-07-26T20:00:00+00:00,2,0,1894,PMI,PMI,2023-07-26T22:25:00+00:00,CGN,CGN,2023-07-19T21:20:00+00:00,HALFBOARD,False,SUITE
724,2023-08-21T06:45:00+00:00,2023-08-31T15:05:00+00:00,2,1,2442,PMI,PMI,2023-08-31T20:15:00+00:00,FRA,FRA,2023-08-21T14:05:00+00:00,NONE,False,APARTMENT
515,2023-10-06T18:20:00+00:00,2023-10-10T08:55:00+00:00,2,1,1809,PMI,PMI,2023-10-10T11:20:00+00:00,CGN,CGN,2023-10-06T20:40:00+00:00,BREAKFAST,False,SUITE
487,2023-05-30T06:05:00+00:00,2023-06-07T20:45:00+00:00,2,2,2360,PMI,PMI,2023-06-07T22:55:00+00:00,SCN,SCN,2023-05-30T08:10:00+00:00,ALLINCLUSIVE,False,APARTMENT
85,2023-08-17T00:00:00+00:00,2023-08-24T00:00:00+00:00,3,1,3366,PMI,PMI,2023-08-24T20:20:00+00:00,MUC,MUC,2023-08-17T15:30:00+00:00,BREAKFAST,False,SINGLE
681,2023-08-03T00:00:00+00:00,2023-08-16T00:00:00+00:00,2,0,3644,PMI,PMI,2023-08-16T18:20:00+00:00,HAM,HAM,2023-08-03T14:05:00+00:00,ALLINCLUSIVE,False,DOUBLE
75,2023-08-22T00:00:00+00:00,2023-09-01T00:00:00+00:00,2,1,4485,PMI,PMI,2023-09-01T13:15:00+00:00,FRA,FRA,2023-08-22T14:25:00+00:00,HALFBOARD,False,APARTMENT
511,2023-10-15T17:25:00+00:00,2023-10-22T08:55:00+00:00,3,0,1833,PMI,PMI,2023-10-22T11:25:00+00:00,LEJ,LEJ,2023-10-15T19:55:00+00:00,HALFBOARD,False,DOUBLE
173,2023-06-27T00:00:00+00:00,2023-07-01T00:00:00+00:00,2,1,2042,PMI,PMI,2023-07-01T09:15:00+00:00,FMO,FMO,2023-06-27T22:10:00+00:00,BREAKFAST,False,SUITE
773,2023-06-27T00:00:00+00:00,2023-07-01T00:00:00+00:00,2,1,1842,PMI,PMI,2023-07-01T09:15:00+00:00,FMO,FMO,2023-06-27T22:10:00+00:00,BREAKFAST,True,SUITE
265,2023-06-19T00:00:00+00:00,2023-06-27T00:00:00+00:00,2,2,2935,PMI,PMI,2023-06-27T13:50:00+00:00,HAJ,HAJ,2023-06-19T22:15:00+00:00,HALFBOARD,False,APARTMENT
853,2023-07-24T00:00:00+00:00,2023-08-02T00:00:00+00:00,1,2,2528,PMI,PMI,2023-08-02T10:20:00+00:00,CGN,CGN,2023-07-24T21:45:00+00:00,NONE,False,SINGLE
646,2023-07-14T17:45:00+00:00,2023-07-25T08:10:00+00:00,2,2,2560,PMI,PMI,2023-07-25T10:25:00+00:00,MUC,MUC,2023-07-14T19:55:00+00:00,BREAKFAST,False,DOUBLE
613,2023-07-16T16:30:00+00:00,2023-07-27T15:30:00+00:00,2,2,3896,PMI,PMI,2023-07-27T17:40:00+00:00,MUC,MUC,2023-07-16T18:40:00+00:00,NONE,False,SUITE
407,2023-06-06T15:20:00+00:00,2023-06-15T07:50:00+00:00,2,2,2032,PMI,PMI,2023-06-15T10:35:00+00:00,HAM,HAM,2023-06-06T18:05:00+00:00,HALFBOARD,False,APARTMENT
19,2023-06-06T15:20:00+00:00,2023-06-15T07:50:00+00:00,2,2,4224,PMI,PMI,2023-06-15T10:35:00+00:00,HAM,HAM,2023-06-06T18:05:00+00:00,HALFBOARD,False,APARTMENT
934,2023-09-01T00:00:00+00:00,2023-09-15T00:00:00+00:00,2,0,2338,PMI,PMI,2023-09-15T11:30:00+00:00,FRA,FRA,2023-09-01T22:45:00+00:00,NONE,False,APARTMENT
281,2023-08-27T17:25:00+00:00,2023-09-07T09:10:00+00:00,2,0,1552,PMI,PMI,2023-09-07T11:40:00+00:00,LEJ,LEJ,2023-08-27T19:55:00+00:00,BREAKFAST,False,DOUBLE
395,2023-05-03T00:00:00+00:00,2023-05-11T00:00:00+00:00,2,0,1088,PMI,PMI,2023-05-11T11:05:00+00:00,BSL,BSL,2023-05-03T23:45:00+00:00,NONE,False,DOUBLE
848,2023-05-03T00:00:00+00:00,2023-05-11T00:00:00+00:00,2,0,1545,PMI,PMI,2023-05-11T11:05:00+00:00,BSL,BSL,2023-05-03T23:45:00+00:00,BREAKFAST,False,DOUBLE
553,2023-10-07T16:55:00+00:00,2023-10-14T08:15:00+00:00,2,1,2697,PMI,PMI,2023-10-14T10:35:00+00:00,DUS,DUS,2023-10-07T19:20:00+00:00,HALFBOARD,False,APARTMENT
229,2023-03-07T00:00:00+00:00,2023-03-13T00:00:00+00:00,1,0,468,PMI,PMI,2023-03-13T08:40:00+00:00,CGN,CGN,2023-03-07T20:25:00+00:00,BREAKFAST,False,DOUBLE
311,2023-07-11T00:00:00+00:00,2023-07-17T00:00:00+00:00,2,0,1247,PMI,PMI,2023-07-17T11:25:00+00:00,FRA,FRA,2023-07-11T18:35:00+00:00,NONE,False,STUDIO
169,2023-07-27T18:05:00+00:00,2023-08-01T07:10:00+00:00,2,0,3141,PMI,PMI,2023-08-01T09:40:00+00:00,LEJ,LEJ,2023-07-27T20:35:00+00:00,BREAKFAST,False,SUITE
332,2023-06-05T11:15:00+00:00,2023-06-09T08:50:00+00:00,1,1,1350,PMI,PMI,2023-06-09T10:55:00+00:00,FMM,FMM,2023-06-05T13:15:00+00:00,ALLINCLUSIVE,False,DELUXE
749,2023-04-10T05:55:00+00:00,2023-04-15T09:05:00+00:00,2,2,1708,PMI,PMI,2023-04-15T11:10:00+00:00,MUC,MUC,2023-04-10T08:05:00+00:00,NONE,False,APARTMENT
529,2023-09-23T00:00:00+00:00,2023-09-30T00:00:00+00:00,2,0,1319,PMI,PMI,2023-09-30T20:15:00+00:00,FRA,FRA,2023-09-23T11:55:00+00:00,BREAKFAST,False,DOUBLE
824,2023-09-11T19:10:00+00:00,2023-09-25T07:10:00+00:00,2,0,4466,PMI,PMI,2023-09-25T10:05:00+00:00,BER,BER,2023-09-11T21:55:00+00:00,HALFBOARD,False,DOUBLE
374,2023-06-07T00:00:00+00:00,2023-06-13T00:00:00+00:00,3,0,3175,PMI,PMI,2023-06-14T00:45:00+00:00,NUE,NUE,2023-06-07T15:35:00+00:00,HALFBOARD,False,SINGLE
240,2023-05-27T00:00:00+00:00,2023-06-03T00:00:00+00:00,2,0,2048,PMI,PMI,2023-06-03T20:20:00+00:00,BER,BER,2023-05-27T09:00:00+00:00,HALFBOARD,False,DOUBLE
763,2023-02-20T00:00:00+00:00,2023-02-24T00:00:00+00:00,1,1,1075,PMI,PMI,2023-02-24T10:45:00+00:00,NUE,NUE,2023-02-20T20:50:00+00:00,ALLINCLUSIVE,False,SUITE
822,2023-09-08T00:00:00+00:00,2023-09-11T00:00:00+00:00,6,0,3393,PMI,PMI,2023-09-11T09:30:00+00:00,BER,BER,2023-09-08T21:55:00+00:00,BREAKFAST,False,DOUBLE
727,2023-05-30T05:55:00+00:00,2023-06-04T09:05:00+00:00,10,0,8180,PMI,PMI,2023-06-04T11:40:00+00:00,DUS,DUS,2023-05-30T08:25:00+00:00,BREAKFAST,False,STUDIO
975,2023-09-01T00:00:00+00:00,2023-09-04T00:00:00+00:00,4,0,11153,PMI,PMI,2023-09-04T12:10:00+00:00,NRN,NRN,2023-09-01T17:40:00+00:00,BREAKFAST,False,DOUBLE
635,2023-06-02T00:00:00+00:00,2023-06-05T00:00:00+00:00,3,0,1421,PMI,PMI,2023-06-05T10:35:00+00:00,HAM,HAM,2023-06-02T16:15:00+00:00,NONE,False,APARTMENT
450,2023-10-04T06:25:00+00:00,2023-10-13T10:05:00+00:00,2,0,1080,PMI,PMI,2023-10-13T12:10:00+00:00,STR,STR,2023-10-04T08:30:00+00:00,NONE,False,DOUBLE
99,2023-10-05T17:45:00+00:00,2023-10-14T09:05:00+00:00,2,0,1718,PMI,PMI,2023-10-14T11:10:00+00:00,MUC,MUC,2023-10-05T19:55:00+00:00,HALFBOARD,False,DOUBLE
515,2023-04-09T00:00:00+00:00,2023-04-13T00:00:00+00:00,2,0,1280,PMI,PMI,2023-04-13T17:55:00+00:00,STR,STR,2023-04-09T08:20:00+00:00,HALFBOARD,False,DOUBLE
488,2023-07-10T04:45:00+00:00,2023-07-24T09:10:00+00:00,2,2,2640,PMI,PMI,2023-07-24T11:25:00+00:00,FRA,FRA,2023-07-10T06:50:00+00:00,NONE,False,APARTMENT
853,2023-05-09T00:00:00+00:00,2023-05-18T00:00:00+00:00,1,0,894,PMI,PMI,2023-05-18T13:25:00+00:00,STR,STR,2023-05-09T21:30:00+00:00,NONE,False,SINGLE
287,2023-07-18T00:00:00+00:00,2023-08-01T00:00:00+00:00,2,0,3057,PMI,PMI,2023-08-01T12:25:00+00:00,FMM,FMM,2023-07-18T22:55:00+00:00,HALFBOARD,False,DOUBLE
134,2023-07-18T00:00:00+00:00,2023-08-01T00:00:00+00:00,2,0,3406,PMI,PMI,2023-08-01T12:25:00+00:00,FMM,FMM,2023-07-18T22:55:00+00:00,HALFBOARD,False,DOUBLE
790,2023-06-22T00:00:00+00:00,2023-07-03T00:00:00+00:00,2,0,4092,PMI,PMI,2023-07-03T09:30:00+00:00,CGN,CGN,2023-06-22T13:20:00+00:00,BREAKFAST,False,SUITE
443,2023-04-10T00:00:00+00:00,2023-04-15T00:00:00+00:00,1,1,2151,PMI,PMI,2023-04-15T09:40:00+00:00,SCN,SCN,2023-04-10T12:20:00+00:00,BREAKFAST,False,SUITE
242,2023-06-05T15:55:00+00:00,2023-06-12T09:15:00+00:00,1,0,1420,PMI,PMI,2023-06-12T11:40:00+00:00,DUS,DUS,2023-06-05T18:20:00+00:00,BREAKFAST,False,SINGLE
997,2023-06-05T00:00:00+00:00,2023-06-09T00:00:00+00:00,5,0,3597,PMI,PMI,2023-06-09T21:55:00+00:00,FMO,FMO,2023-06-05T11:45:00+00:00,NONE,False,APARTMENT
88,2023-06-05T00:00:00+00:00,2023-06-09T00:00:00+00:00,5,0,2701,PMI,PMI,2023-06-09T21:55:00+00:00,FMO,FMO,2023-06-05T11:45:00+00:00,ALLINCLUSIVE,False,DOUBLE
199,2023-08-11T00:00:00+00:00,2023-08-23T00:00:00+00:00,2,0,2409,PMI,PMI,2023-08-23T09:15:00+00:00,FMO,FMO,2023-08-12T00:40:00+00:00,BREAKFAST,False,DOUBLE
574,2023-10-16T17:30:00+00:00,2023-10-23T14:15:00+00:00,2,1,3168,PMI,PMI,2023-10-23T16:15:00+00:00,FKB,FKB,2023-10-16T19:30:00+00:00,HALFBOARD,False,SUITE
435,2023-06-08T15:00:00+00:00,2023-06-11T09:35:00+00:00,4,0,3400,PMI,PMI,2023-06-11T12:25:00+00:00,HAM,HAM,2023-06-08T17:45:00+00:00,ALLINCLUSIVE,False,DOUBLE
898,2023-09-11T17:15:00+00:00,2023-09-18T20:30:00+00:00,2,0,1012,PMI,PMI,2023-09-18T23:00:00+00:00,PAD,PAD,2023-09-11T19:40:00+00:00,BREAKFAST,False,DOUBLE
856,2023-03-20T00:00:00+00:00,2023-04-04T00:00:00+00:00,1,0,3028,PMI,PMI,2023-04-04T12:25:00+00:00,FMM,FMM,2023-03-20T19:40:00+00:00,BREAKFAST,False,SINGLE
619,2023-06-03T10:10:00+00:00,2023-06-10T09:35:00+00:00,2,2,2564,PMI,PMI,2023-06-10T17:50:00+00:00,STR,STR,2023-06-03T17:25:00+00:00,NONE,False,APARTMENT
267,2023-05-13T18:30:00+00:00,2023-05-17T12:50:00+00:00,2,0,846,PMI,PMI,2023-05-17T15:20:00+00:00,DTM,DTM,2023-05-13T20:45:00+00:00,NONE,False,APARTMENT
156,2023-05-13T18:30:00+00:00,2023-05-17T14:50:00+00:00,2,0,1212,PMI,PMI,2023-05-17T17:25:00+00:00,DTM,DTM,2023-05-13T20:45:00+00:00,BREAKFAST,False,DOUBLE
956,2023-08-13T08:45:00+00:00,2023-08-19T03:45:00+00:00,2,0,2570,PMI,PMI,2023-08-19T06:05:00+00:00,DUS,DUS,2023-08-13T11:10:00+00:00,HALFBOARD,False,DOUBLE
18,2023-07-25T13:10:00+00:00,2023-08-07T08:10:00+00:00,1,0,2831,PMI,PMI,2023-08-07T16:40:00+00:00,DRS,DRS,2023-07-25T20:15:00+00:00,NONE,False,APARTMENT
419,2023-08-22T00:00:00+00:00,2023-08-29T00:00:00+00:00,2,0,2369,PMI,PMI,2023-08-29T17:30:00+00:00,CGN,CGN,2023-08-22T12:50:00+00:00,HALFBOARD,False,DOUBLE
382,2023-07-30T07:00:00+00:00,2023-08-09T09:35:00+00:00,2,1,3477,PMI,PMI,2023-08-09T17:55:00+00:00,BER,BER,2023-07-30T11:55:00+00:00,HALFBOARD,False,DOUBLE
400,2023-06-04T17:25:00+00:00,2023-06-11T08:25:00+00:00,2,1,4436,PMI,PMI,2023-06-11T10:35:00+00:00,SCN,SCN,2023-06-04T19:30:00+00:00,ALLINCLUSIVE,False,SUITE
538,2023-08-26T00:00:00+00:00,2023-08-30T00:00:00+00:00,2,0,948,PMI,PMI,2023-08-30T12:55:00+00:00,NUE,NUE,2023-08-26T12:40:00+00:00,HALFBOARD,False,DOUBLE
586,2023-08-26T00:00:00+00:00,2023-08-30T00:00:00+00:00,2,0,1394,PMI,PMI,2023-08-30T12:55:00+00:00,NUE,NUE,2023-08-26T12:40:00+00:00,BREAKFAST,False,DOUBLE
656,2023-05-28T00:00:00+00:00,2023-06-02T00:00:00+00:00,2,0,1918,PMI,PMI,2023-06-02T12:10:00+00:00,STR,STR,2023-05-28T08:20:00+00:00,HALFBOARD,False,SUITE
74,2023-05-13T00:00:00+00:00,2023-05-20T00:00:00+00:00,2,0,3101,PMI,PMI,2023-05-20T15:35:00+00:00,FRA,FRA,2023-05-13T18:20:00+00:00,ALLINCLUSIVE,False,DOUBLE
744,2023-08-17T00:00:00+00:00,2023-08-26T00:00:00+00:00,1,1,2042,PMI,PMI,2023-08-26T09:40:00+00:00,SCN,SCN,2023-08-17T13:25:00+00:00,NONE,False,STUDIO
691,2023-07-22T14:10:00+00:00,2023-07-30T12:40:00+00:00,2,0,2868,PMI,PMI,2023-07-30T14:55:00+00:00,NUE,NUE,2023-07-22T16:20:00+00:00,HALFBOARD,False,SUITE
611,2023-08-10T00:00:00+00:00,2023-08-22T00:00:00+00:00,2,1,7107,PMI,PMI,2023-08-22T20:15:00+00:00,FRA,FRA,2023-08-10T14:05:00+00:00,BREAKFAST,False,SINGLE
722,2023-08-15T00:00:00+00:00,2023-08-28T00:00:00+00:00,2,0,3000,PMI,PMI,2023-08-28T08:55:00+00:00,FMO,FMO,2023-08-15T22:10:00+00:00,NONE,False,DOUBLE
996,2023-09-10T15:30:00+00:00,2023-09-20T07:50:00+00:00,1,0,3482,PMI,PMI,2023-09-20T10:35:00+00:00,HAM,HAM,2023-09-10T18:15:00+00:00,BREAKFAST,False,STUDIO
121,2023-05-30T00:00:00+00:00,2023-06-07T00:00:00+00:00,2,0,2182,PMI,PMI,2023-06-07T17:50:00+00:00,FRA,FRA,2023-05-30T15:55:00+00:00,ALLINCLUSIVE,False,DOUBLE